{
    "issuer":"https://%(hostname)s",
    "baseEndpoint":"https://%(hostname)s/jans-auth/restv1",
    "authorizationEndpoint":"https://%(hostname)s/jans-auth/restv1/authorize",
    "tokenEndpoint":"https://%(hostname)s/jans-auth/restv1/token",
    "tokenRevocationEndpoint": "https://%(hostname)s/jans-auth/restv1/revoke",
    "userInfoEndpoint":"https://%(hostname)s/jans-auth/restv1/userinfo",
    "clientInfoEndpoint":"https://%(hostname)s/jans-auth/restv1/clientinfo",
    "checkSessionIFrame":"https://%(hostname)s/jans-auth/opiframe.htm",
    "endSessionEndpoint":"https://%(hostname)s/jans-auth/restv1/end_session",
    "jwksUri":"https://%(hostname)s/jans-auth/restv1/jwks",
    "registrationEndpoint":"https://%(hostname)s/jans-auth/restv1/register",
    "openIdDiscoveryEndpoint":"https://%(hostname)s/.well-known/webfinger",
    "openIdConfigurationEndpoint":"https://%(hostname)s/.well-known/openid-configuration",
    "idGenerationEndpoint":"https://%(hostname)s/jans-auth/restv1/id",
    "introspectionEndpoint":"https://%(hostname)s/jans-auth/restv1/introspection",
    "parEndpoint":"https://%(hostname)s/jans-auth/restv1/par",
    "umaConfigurationEndpoint":"https://%(hostname)s/jans-auth/restv1/uma2-configuration",
    "sectorIdentifierEndpoint":"https://%(hostname)s/jans-auth/sectoridentifier",
    "oxElevenGenerateKeyEndpoint":"https://%(hostname)s/oxeleven/rest/oxeleven/generateKey",
    "oxElevenSignEndpoint":"https://%(hostname)s/oxeleven/rest/oxeleven/sign",
    "oxElevenVerifySignatureEndpoint":"https://%(hostname)s/oxeleven/rest/oxeleven/verifySignature",
    "oxElevenDeleteKeyEndpoint":"https://%(hostname)s/oxeleven/rest/oxeleven/deleteKey",
    "oxElevenJwksEndpoint":"https://%(hostname)s/oxeleven/rest/oxeleven/jwks",
    "backchannelAuthenticationEndpoint":"https://%(hostname)s/jans-auth/restv1/bc-authorize",
    "backchannelDeviceRegistrationEndpoint":"https://%(hostname)s/jans-auth/restv1/bc-deviceRegistration",
    "deviceAuthzEndpoint":"https://%(hostname)s/jans-auth/restv1/device_authorization",
    "openidSubAttribute":"inum",
    "responseTypesSupported":[
        ["code"],
        ["code", "id_token"],
        ["token"],
        ["token", "id_token"],
        ["code", "token"],
        ["code", "token", "id_token"],
        ["id_token"]
    ],
    "responseModesSupported":[
        "query",
        "fragment",
        "form_post",
        "query.jwt",
        "fragment.jwt",
        "form_post.jwt",
        "jwt"
    ],
    "grantTypesSupported":[
        "authorization_code",
        "implicit",
        "password",
        "client_credentials",
        "refresh_token",
        "urn:ietf:params:oauth:grant-type:uma-ticket",
        "urn:ietf:params:oauth:grant-type:device_code"
    ],
    "subjectTypesSupported":[
        "public",
        "pairwise"
    ],
    "defaultSubjectType": "pairwise",
    "authorizationSigningAlgValuesSupported":[
        "HS256",
        "HS384",
        "HS512",
        "RS256",
        "RS384",
        "RS512",
        "ES256",
        "ES384",
        "ES512",
        "ES512",
        "PS256",
        "PS384",
        "PS512"
    ],
    "authorizationEncryptionAlgValuesSupported":[
        "RSA1_5",
        "RSA-OAEP",
        "A128KW",
        "A256KW"
    ],
    "authorizationEncryptionEncValuesSupported":[
        "A128CBC+HS256",
        "A256CBC+HS512",
        "A128GCM",
        "A256GCM"
    ],
    "userInfoSigningAlgValuesSupported":[
        "HS256",
        "HS384",
        "HS512",
        "RS256",
        "RS384",
        "RS512",
        "ES256",
        "ES384",
        "ES512"
    ],
    "userInfoEncryptionAlgValuesSupported":[
        "RSA1_5",
        "RSA-OAEP",
        "A128KW",
        "A256KW"
    ],
    "userInfoEncryptionEncValuesSupported":[
        "A128CBC+HS256",
        "A256CBC+HS512",
        "A128GCM",
        "A256GCM"
    ],
    "idTokenSigningAlgValuesSupported":[
        "none",
        "HS256",
        "HS384",
        "HS512",
        "RS256",
        "RS384",
        "RS512",
        "ES256",
        "ES384",
        "ES512"
    ],
    "idTokenEncryptionAlgValuesSupported":[
        "RSA1_5",
        "RSA-OAEP",
        "A128KW",
        "A256KW"
    ],
    "idTokenEncryptionEncValuesSupported":[
        "A128CBC+HS256",
        "A256CBC+HS512",
        "A128GCM",
        "A256GCM"
    ],
    "requestObjectSigningAlgValuesSupported":[
        "none",
        "HS256",
        "HS384",
        "HS512",
        "RS256",
        "RS384",
        "RS512",
        "ES256",
        "ES384",
        "ES512"
    ],
    "jwksAlgorithmsSupported":[
        "RS256",
        "RS384",
        "RS512",
        "ES256",
        "ES384",
        "ES512",
        "PS256",
        "PS384",
        "PS512",
        "RSA1_5",
        "RSA-OAEP"
    ],
    "requestObjectEncryptionAlgValuesSupported":[
        "RSA1_5",
        "RSA-OAEP",
        "A128KW",
        "A256KW"
    ],
    "requestObjectEncryptionEncValuesSupported":[
        "A128CBC+HS256",
        "A256CBC+HS512",
        "A128GCM",
        "A256GCM"
    ],
    "tokenEndpointAuthMethodsSupported":[
        "client_secret_basic",
        "client_secret_post",
        "client_secret_jwt",
        "private_key_jwt",
        "tls_client_auth",
        "self_signed_tls_client_auth"
    ],
    "tokenEndpointAuthSigningAlgValuesSupported":[
        "HS256",
        "HS384",
        "HS512",
        "RS256",
        "RS384",
        "RS512",
        "ES256",
        "ES384",
        "ES512"
    ],
    "dynamicRegistrationCustomAttributes":[
    ],
    "displayValuesSupported":[
        "page",
        "popup"
    ],
    "claimTypesSupported":[
        "normal"
    ],
    "serviceDocumentation":"http://jans.org/docs",
    "claimsLocalesSupported":[
        "en"
    ],
    "idTokenTokenBindingCnfValuesSupported":[
        "tbh"
    ],
    "uiLocalesSupported":[
        "en",
        "bg",
        "de",
        "es",
        "fr",
        "it",
        "ru",
        "tr"
    ],
    "dynamicGrantTypeDefault":[
        "authorization_code",
        "implicit",
        "client_credentials",
        "refresh_token",
        "urn:ietf:params:oauth:grant-type:uma-ticket",
        "urn:ietf:params:oauth:grant-type:device_code"
    ],
    "claimsParameterSupported":false,
    "requestParameterSupported":true,
    "requestUriParameterSupported":true,
    "requireRequestUriRegistration":false,
    "allowPostLogoutRedirectWithoutValidation":false,
    "introspectionAccessTokenMustHaveUmaProtectionScope":false,
    "requestUriHashVerificationEnabled": false,
    "idTokenFilterClaimsBasedOnAccessToken": false,
    "opPolicyUri":"http://www.jans.io/doku.php?id=jans:policy",
    "opTosUri":"http://www.jans.io/doku.php?id=jans:tos",
    "authorizationCodeLifetime":60,
    "refreshTokenLifetime":14400,
    "idTokenLifetime":3600,
    "spontaneousScopeLifetime":86400,
    "accessTokenLifetime":300,
    "umaResourceLifetime":1728000,
    "sessionAsJwt":false,
    "umaRptLifetime": 3600,
    "umaTicketLifetime": 3600,
    "umaPctLifetime": 1728000,
    "umaAddScopesAutomatically":true,
    "umaValidateClaimToken":false,
    "umaGrantAccessIfNoPolicies":false,
    "umaRestrictResourceToAssociatedClient":false,
    "umaKeepClientDuringResourceSetRegistration":true,
    "umaRptAsJwt":false,
    "cleanServiceInterval":60,
    "cleanServiceBatchChunkSize": 10000,
    "keyRegenerationEnabled":true,
    "keyRegenerationInterval":48,
    "defaultSignatureAlgorithm":"RS256",
    "oxOpenIdConnectVersion":"openidconnect-1.0",
    "oxId":"https://%(hostname)s/oxid/service/jans/inum",
    "dynamicRegistrationExpirationTime":-1,
    "dynamicRegistrationPersistClientAuthorizations":true,
    "trustedClientEnabled":true,
    "skipAuthorizationForOpenIdScopeAndPairwiseId": false,
    "dynamicRegistrationScopesParamEnabled":true,
    "dynamicRegistrationCustomObjectClass":"",
    "personCustomObjectClassList":[
        "jansCustomPerson",
        "jansPerson"
    ],
    "persistIdTokenInLdap":false,
    "persistRefreshTokenInLdap":true,
    "authenticationFiltersEnabled":false,
    "invalidateSessionCookiesAfterAuthorizationFlow":false,
    "clientAuthenticationFiltersEnabled":false,
    "clientRegDefaultToCodeFlowWithRefresh": true,
    "authenticationFilters":[
        {
            "filter":"(&(mail=*{0}*)(inum={1}))",
            "bind":false,
            "bindPasswordAttribute":"",
            "baseDn":"ou=people,o=jans"
        },
        {
            "filter":"uid={0}",
            "bind":true,
            "bindPasswordAttribute":"pwd",
            "baseDn":"ou=people,o=jans"
        }
    ],
    "clientAuthenticationFilters":[
        {
            "filter":"myCustomAttr1={0}",
            "bind":"",
            "bindPasswordAttribute":"",
            "baseDn":"ou=clients,o=jans"
        }
    ],
    "sessionIdUnusedLifetime":86400,
    "sessionIdUnauthenticatedUnusedLifetime":120,
    "sessionIdEnabled":true,
    "changeSessionIdOnAuthentication":true,
    "returnClientSecretOnRead": true,
    "sessionIdPersistOnPromptNone":true,
    "sessionIdLifetime": 86400,
    "configurationUpdateInterval":3600,
    "cssLocation":"",
    "jsLocation":"",
    "imgLocation":"",
    "metricReporterInterval":300,
    "metricReporterKeepDataDays":15,
    "metricReporterEnabled": false,
    "pairwiseIdType":"algorithmic",
    "pairwiseCalculationKey":"%(pairwiseCalculationKey)s",
    "pairwiseCalculationSalt": "%(pairwiseCalculationSalt)s",
    "shareSubjectIdBetweenClientsWithSameSectorId": true,
    "webKeysStorage": "keystore",
    "dnName": "%(default_openid_jks_dn_name)s",
    "keyStoreFile": "%(oxauth_openid_jks_fn)s",
    "keyStoreSecret": "%(oxauth_openid_jks_pass)s",
    "endSessionWithAccessToken":false,
    "clientWhiteList": ["*"],
    "clientBlackList": ["*.attacker.com/*"],
    "legacyIdTokenClaims": false,
    "customHeadersWithAuthorizationResponse": true,
    "frontChannelLogoutSessionSupported":true,
    "updateUserLastLogonTime": false,
    "updateClientAccessTime":false,
    "enableClientGrantTypeUpdate": true,
    "corsConfigurationFilters": [
        {
            "filterName": "CorsFilter",
            "corsAllowedOrigins": "*",
            "corsAllowedMethods": "GET,POST,HEAD,OPTIONS",
            "corsAllowedHeaders": "Origin,Authorization,Accept,X-Requested-With,Content-Type,Access-Control-Request-Method,Access-Control-Request-Headers",
            "corsExposedHeaders": "",
            "corsSupportCredentials": true,
            "corsLoggingEnabled": false,
            "corsPreflightMaxAge": 1800,
            "corsRequestDecorate": true,
            "corsEnabled": true
        }
    ],
    "logClientIdOnClientAuthentication": true,
    "logClientNameOnClientAuthentication": false,
    "httpLoggingEnabled": false,
    "httpLoggingExludePaths": [],
    "externalLoggerConfiguration": "",
    "authorizationRequestCustomAllowedParameters" : [
        "customParam1",
        "customParam2",
        "customParam3"
    ],
    "legacyDynamicRegistrationScopeParam": false,
    "openidScopeBackwardCompatibility": false,
    "disableU2fEndpoint":false,
    "authenticationProtectionConfiguration": {
        "attemptExpiration": 15,
        "maximumAllowedAttemptsWithoutDelay": 4,
        "delayTime": 2,
        "bruteForceProtectionEnabled": false
    },
    "loggingLevel": "INFO",
    "loggingLayout": "text",
    "errorHandlingMethod":"internal",
    "useLocalCache":true,
    "backchannelTokenDeliveryModesSupported": [
        "poll",
        "ping",
        "push"
     ],
    "backchannelAuthenticationRequestSigningAlgValuesSupported": [],
    "backchannelClientId": "",
    "backchannelRedirectUri": "https://%(hostname)s/jans-auth/ciba/home.htm",
    "backchannelUserCodeParameterSupported": false,
    "backchannelBindingMessagePattern": "^[a-zA-Z0-9]{4,8}$",
    "backchannelAuthenticationResponseExpiresIn": 3600,
    "backchannelAuthenticationResponseInterval": 2,
    "backchannelRequestsProcessorJobIntervalSec": 5,
    "backchannelRequestsProcessorJobChunkSize": 100,
    "cibaGrantLifeExtraTimeSec": 180,
    "cibaMaxExpirationTimeAllowedSec": 1800,
    "backchannelLoginHintClaims": ["inum", "uid", "mail"],
    "cibaEnabled": false,
    "cibaEndUserNotificationConfig": {
        "apiKey": "",
        "authDomain": "",
        "databaseURL": "",
        "projectId": "",
        "storageBucket": "",
        "messagingSenderId": "",
        "appId": "",
        "notificationUrl": "",
        "notificationKey": "",
        "publicVapidKey": ""
    },
    "deviceAuthzRequestExpiresIn": 1800,
    "deviceAuthzTokenPollInterval": 5,
    "deviceAuthzResponseTypeToProcessAuthz": "code"
}
