{
    "authorize":[
        {
            "id":"invalid_request",
            "description":"The request is missing a required parameter, includes an unsupported parameter or parameter value, or is otherwise malformed.",
            "uri":null
        },
        {
            "id": "disabled_client",
            "description": "The client is disabled and can't request an access token using this method.",
            "uri": null
        },
        {
            "id":"unauthorized_client",
            "description":"The client is not authorized to request an access token using this method.",
            "uri":null
        },
        {
            "id":"access_denied",
            "description":"The resource owner or authorization server denied the request.",
            "uri":null
        },
        {
            "id":"retry",
            "description":"The authorization server requires RP to send authorization request again.",
            "uri":null
        },
        {
            "id":"unsupported_response_type",
            "description":"The authorization server does not support obtaining an access token using this method.",
            "uri":null
        },
        {
            "id":"invalid_scope",
            "description":"The requested scope is invalid, unknown, or malformed.",
            "uri":null
        },
        {
            "id":"server_error",
            "description":"The authorization server encountered an unexpected condition which prevented it from fulfilling the request.",
            "uri":null
        },
        {
            "id":"temporarily_unavailable",
            "description":"The authorization server is currently unable to handle the request due to a temporary overloading or maintenance of the server.",
            "uri":null
        },
        {
            "id":"invalid_request_redirect_uri",
            "description":"The redirect_uri in the Authorization Request does not match any of the Client's pre-registered redirect_uris.",
            "uri":null
        },
        {
            "id":"login_required",
            "description":"The Authorization Server requires End-User authentication. This error MAY be returned when the prompt parameter in the Authorization Request is set to none to request that the Authorization Server should not display any user interfaces to the End-User, but the Authorization Request cannot be completed without displaying a user interface for user authentication.",
            "uri":null
        },
        {
            "id":"session_selection_required",
            "description":"The End-User is required to select a session at the Authorization Server. The End-User MAY be authenticated at the Authorization Server with different associated accounts, but the End-User did not select a session. This error MAY be returned when the prompt parameter in the Authorization Request is set to none to request that the Authorization Server should not display any user interfaces to the End-User, but the Authorization Request cannot be completed without displaying a user interface to prompt for a session to use.",
            "uri":null
        },
        {
            "id":"consent_required",
            "description":"The Authorization Server requires End-User consent. This error MAY be returned when the prompt parameter in the Authorization Request is set to none to request that the Authorization Server should not display any user interfaces to the End-User, but the Authorization Request cannot be completed without displaying a user interface for End-User consent.",
            "uri":null
        },
        {
            "id":"user_mismatched",
            "description":"The current logged in End-User at the Authorization Server does not match the requested user. This error MAY be returned when the prompt parameter in the Authorization Request is set to none to request that the Authorization Server should not display any user interfaces to the End-User, but the Authorization Request cannot be completed without displaying a user interface to prompt for the correct End-User authentication.",
            "uri":null
        },
        {
            "id":"invalid_request_uri",
            "description":"The request_uri in the Authorization Request returns an error or invalid data.",
            "uri":null
        },
        {
            "id":"invalid_openid_request_object",
            "description":"The request parameter contains an invalid OpenID Request Object.",
            "uri":null
        },
        {
            "id":"invalid_request_object",
            "description":"The request parameter contains an invalid Request Object.",
            "uri":null
        },
        {
            "id":"authentication_session_invalid",
            "description":"The authorization server can't handle user authentication due to session expiration",
            "uri":null
        },
        {
            "id":"invalid_authentication_method",
            "description":"The authorization server can't handle user authentication due to error caused by ACR",
            "uri":null
        }
    ],
    "clientInfo":[
        {
            "id":"invalid_request",
            "description":"The request is missing a required parameter, includes an unsupported parameter or parameter value, repeats the same parameter, uses more than one method for including an access token, or is otherwise malformed.",
            "uri":null
        },
        {
            "id":"invalid_token",
            "description":"The access token provided is expired, revoked, malformed, or invalid for other reasons. Try to request a new access token and retry the protected resource.",
            "uri":null
        }
    ],
    "endSession":[
        {
            "id":"invalid_request",
            "description":"The request is missing a required parameter, includes an unsupported parameter or parameter value, repeats a parameter, or is otherwise malformed.",
            "uri":null
        },
        {
            "id": "invalid_grant_and_session",
            "description": "The provided id token (or access token) or session state are invalid or were issued to another client.",
            "uri": null
        },
        {
            "id": "session_not_passed",
            "description": "The provided session state is empty.",
            "uri": null
        },
        {
            "id": "post_logout_uri_not_passed",
            "description": "The provided post logout uri is empty.",
            "uri": null
        },
        {
            "id": "post_logout_uri_not_associated_with_client",
            "description": "The provided post logout uri is not associated with client.",
            "uri": null
        },
        {
            "id":"invalid_grant",
            "description":"The provided access token is invalid, or was issued to another client.",
            "uri":null
        },
        {
            "id":"invalid_logout_uri",
            "description":"The provided logout_uri is invalid.",
            "uri":null
        }
    ],
    "register":[
        {
            "id":"invalid_request",
            "description":"The request is missing a required parameter, includes an unsupported parameter or parameter value, or is otherwise malformed.",
            "uri":null
        },
        {
            "id":"invalid_redirect_uri",
            "description":"Value of one or more redirect_uris is invalid.",
            "uri":null
        },
        {
            "id":"invalid_claims_redirect_uri",
            "description":"Value of one or more claims_redirect_uris is invalid.",
            "uri":null
        },
        {
            "id":"invalid_client_metadata",
            "description":"The value of one of the Client Metadata fields is invalid and the server has rejected this request. Note that an Authorization Server MAY choose to substitute a valid value for any requested parameter of a Client's Metadata.",
            "uri":null
        },
        {
            "id":"invalid_token",
            "description":"The access token provided is expired, revoked, malformed, or invalid for other reasons.",
            "uri":null
        },
        {
            "id": "invalid_software_statement",
            "description":"The software_statement is malformed or invalid.",
            "uri":null
        },
        {
            "id":"access_denied",
            "description":"The authorization server denied the request.",
            "uri":null
        }
    ],
    "token":[
        {
            "id":"invalid_request",
            "description":"The request is missing a required parameter, includes an unsupported parameter or parameter value, repeats a parameter, includes multiple credentials, utilizes more than one mechanism for authenticating the client, or is otherwise malformed.",
            "uri":null
        },
        {
            "id": "disabled_client",
            "description": "The client is disabled and can't request an access token using this method.",
            "uri": null
        },
        {
            "id":"invalid_client",
            "description":"Client authentication failed (e.g. unknown client, no client authentication included, or unsupported authentication method). The authorization server MAY return an HTTP 401 (Unauthorized) status code to indicate which HTTP authentication schemes are supported. If the client attempted to authenticate via the Authorization request header field, the authorization server MUST respond with an HTTP 401 (Unauthorized) status code, and include the WWW-Authenticate response header field matching the authentication scheme used by the client.",
            "uri":null
        },
        {
            "id":"invalid_grant",
            "description":"The provided authorization grant is invalid, expired, revoked, does not match the redirection URI used in the authorization request, or was issued to another client.",
            "uri":null
        },
        {
            "id":"unauthorized_client",
            "description":"The authenticated client is not authorized to use this authorization grant type.",
            "uri":null
        },
        {
            "id":"unsupported_grant_type",
            "description":"The authorization grant type is not supported by the authorization server.",
            "uri":null
        },
        {
            "id":"invalid_scope",
            "description":"The requested scope is invalid, unknown, malformed, or exceeds the scope granted by the resource owner.",
            "uri":null
        }
    ],
    "revoke":[
        {
            "id":"unsupported_token_type",
            "description":"The authorization server does not support the revocation of the presented token type. That is, the client tried to revoke an access token on a server not supporting this feature.",
            "uri":null
        },
        {
            "id":"invalid_request",
            "description":"The request is missing a required parameter, includes an unsupported parameter or parameter value, repeats a parameter, includes multiple credentials, utilizes more than one mechanism for authenticating the client, or is otherwise malformed.",
            "uri":null
        },
        {
            "id":"invalid_client",
            "description":"Client authentication failed (e.g. unknown client, no client authentication included, or unsupported authentication method). The authorization server MAY return an HTTP 401 (Unauthorized) status code to indicate which HTTP authentication schemes are supported. If the client attempted to authenticate via the Authorization request header field, the authorization server MUST respond with an HTTP 401 (Unauthorized) status code, and include the WWW-Authenticate response header field matching the authentication scheme used by the client.",
            "uri":null
        }
    ],
    "uma":[
        {
            "id":"invalid_request",
            "description":"The request is missing a required parameter, includes an unsupported parameter or parameter value, or is otherwise malformed.",
            "uri": null
        },
        {
            "id": "disabled_client",
            "description": "The client is disabled and can't request an access token using this method.",
            "uri":null
        },
        {
            "id":"client_not_in_trust_relationship",
            "description":"The client is not in any trust relationship however federation is enabled for server.",
            "uri":null
        },
        {
            "id":"unauthorized_client",
            "description":"The client is not authorized to request an access token using this method.",
            "uri":null
        },
        {
            "id":"invalid_session",
            "description":"The provided session is invalid.",
            "uri":null
        },
        {
            "id":"access_denied",
            "description":"The resource owner or AM server denied the request.",
            "uri":null
        },
        {
            "id":"unsupported_response_type",
            "description":"The AM server does not support an access using this method.",
            "uri":null
        },
        {
            "id":"invalid_client_scope",
            "description":"The requested scope is invalid, unknown, or malformed.",
            "uri":null
        },
        {
            "id":"server_error",
            "description":"The AM server encountered an unexpected condition which prevented it from fulfilling the request.",
            "uri":null
        },
        {
            "id":"temporarily_unavailable",
            "description":"The AM server is currently unable to handle the request due to a temporary overloading or maintenance of the server.",
            "uri":null
        },
        {
            "id":"precondition_failed",
            "description":"The resource set that was requested to be deleted or updated at the AM did not match the If-Match value present in the request.",
            "uri":null
        },
        {
            "id":"not_found",
            "description":"The resource set requested from the AM cannot be found.",
            "uri":null
        },
        {
            "id":"unsupported_method_type",
            "description":"The host request used an unsupported HTTP method.",
            "uri":null
        },
        {
            "id":"invalid_token",
            "description":"The access token expired.",
            "uri":null
        },
        {
            "id":"invalid_resource_id",
            "description":"The provided resource id was not found at the AS.",
            "uri":null
        },
        {
            "id":"forbidden_by_policy",
            "description":"Forbidden by policy (policy returned false).",
            "uri":null
        },
        {
            "id":"invalid_permission_request",
            "description":"The provided permission request is not valid.",
            "uri":null
        },
        {
            "id":"invalid_claims_gathering_script_name",
            "description":"The claims-gathering script name is not provided or otherwise failed to load script with this name(s).",
            "uri":null
        },
        {
            "id":"invalid_ticket",
            "description":"The provided ticket was not found at the AS.",
            "uri":null
        },
        {
            "id":"invalid_client_id",
            "description":"The provided client_id is not valid.",
            "uri":null
        },
        {
            "id":"invalid_claims_redirect_uri",
            "description":"The provided claims_redirect_uri is not valid.",
            "uri":null
        },
        {
            "id":"invalid_claim_token_format",
            "description":"The claim token format is blank or otherwise not supported (supported format is http://openid.net/specs/openid-connect-core-1_0.html#IDToken).",
            "uri":null
        },
        {
            "id":"invalid_claim_token",
            "description":"The claim token is not valid or unsupported. (If format is http://openid.net/specs/openid-connect-core-1_0.html#IDToken then claim token has to be ID Token).",
            "uri":null
        },
        {
            "id":"invalid_pct",
            "description":"PCT is invalid (revoked, expired or does not exist anymore on AS)",
            "uri":null
        },
        {
            "id":"invalid_rpt",
            "description":"RPT is invalid (revoked, expired or does not exist anymore on AS)",
            "uri":null
        },
        {
            "id":"invalid_grant_type",
            "description":"The provided grant_type valid does not equal to urn:ietf:params:oauth:grant-type:uma-ticket value which is required by UMA 2.",
            "uri":null
        },
        {
            "id":"invalid_scope",
            "description":"The requested scope is invalid, unknown, malformed, or exceeds the scope granted by the resource owner.",
            "uri":null
        },
        {
            "id":"invalid_requester_ticket",
            "description":"The provided ticket was not found at the AM.",
            "uri":null
        },
        {
            "id":"expired_requester_ticket",
            "description":"The provided ticket has expired.",
            "uri":null
        },
        {
            "id":"not_authorized_permission",
            "description":"The requester is definitively not authorized for this permission according to user policy.",
            "uri":null
        },
        {
            "id":"need_claims",
            "description":"The AM is unable to determine whether the requester is authorized for this permission without gathering claims from the requesting party.",
            "uri":null
        }
    ],
    "userInfo":[
        {
            "id":"invalid_request",
            "description":"The request is missing a required parameter, includes an unsupported parameter or parameter value, repeats the same parameter, uses more than one method for including an access token, or is otherwise malformed.",
            "uri":null
        },
        {
            "id":"invalid_token",
            "description":"The access token provided is expired, revoked, malformed, or invalid for other reasons. Try to request a new access token and retry the protected resource.",
            "uri":null
        },
        {
            "id":"insufficient_scope",
            "description":"The request requires higher privileges than provided by the access token.",
            "uri":null
        }
    ],
    "validateToken":[
        {
            "id":"invalid_request",
            "description":"The request is missing a required parameter, includes an unsupported parameter or parameter value, repeats a parameter, includes multiple credentials, utilizes more than one mechanism for authenticating the client, or is otherwise malformed.",
            "uri":null
        },
        {
            "id":"invalid_grant",
            "description":"The provided access token is invalid, or was issued to another client.",
            "uri":null
        }
    ],
    "fido":[
        {
            "id":"server_error",
            "description":"The authorization server encountered an unexpected condition which prevented it from fulfilling the request.",
            "uri":null
        },
        {
            "id":"invalid_request",
            "description":"The request is missing a required parameter, includes an unsupported parameter or parameter value, repeats the same parameter, has invalid signature, or is otherwise malformed.",
            "uri":null
        },
        {
            "id":"no_eligable_devices",
            "description":"There are no devices registered.",
            "uri":null
        },
        {
            "id":"device_compromised",
            "description":"All devices were compromised.",
            "uri":null
        },
        {
            "id":"session_expired",
            "description":"The authentication or registration session was expired.",
            "uri":null
        },
        {
            "id":"registration_not_allowed",
            "description":"The user has registered device already.",
            "uri":null
        }
    ],
    "backchannelAuthentication":[
        {
            "id": "invalid_request",
            "description": "The request is missing a required parameter, includes an invalid parameter value, includes a parameter more than once, contains more than one of the hints, or is otherwise malformed.",
            "uri": null
        },
        {
            "id": "invalid_scope",
            "description": "The requested scope is invalid, unknown, or malformed.",
            "uri": null
        },
        {
            "id": "expired_login_hint_token",
            "description": "The login_hint_token provided in the authentication request is not valid because it has expired.",
            "uri": null
        },
        {
            "id": "unknown_user_id",
            "description": "The OpenID Provider is not able to identify which end-user the Client wishes to be authenticated by means of the hint provided in the request (login_hint_token, id_token_hint or login_hint).",
            "uri": null
        },
        {
            "id": "unauthorized_client",
            "description": "The Client is not authorized to use this authentication flow.",
            "uri": null
        },
        {
            "id": "missing_user_code",
            "description": "User code is required but was missing from the request.",
            "uri": null
        },
        {
            "id": "invalid_user_code",
            "description": "User code was invalid.",
            "uri": null
        },
        {
            "id": "invalid_binding_message",
            "description": "The binding message is invalid or unacceptable for use in the context of the given request.",
            "uri": null
        },
        {
            "id": "invalid_client",
            "description": "Client authentication failed (e.g., invalid client credentials, unknown client, no client authentication included, or unsupported authentication method).",
            "uri": null
        },
        {
            "id": "unauthorized_end_user_device",
            "description": "The end-user has not registered a device to receive push notifications.",
            "uri": null
        },
        {
            "id": "access_denied",
            "description": "The resource owner or OpenID Provider denied the CIBA (Client Initiated Backchannel Authentication) request.",
            "uri": null
        }
    ],
    "backchannelDeviceRegistration":[
        {
            "id": "invalid_request",
            "description": "The request is missing a required parameter, includes an invalid parameter value, includes a parameter more than once, or is otherwise malformed.",
            "uri": null
        },
        {
            "id": "unknown_user_id",
            "description": "The OpenID Provider is not able to identify the end-user.",
            "uri": null
        },
        {
            "id": "unauthorized_client",
            "description": "The Client is not authorized to use this authentication flow.",
            "uri": null
        },
        {
            "id": "access_denied",
            "description": "The resource owner or OpenID Provider denied the request.",
            "uri": null
        }
    ]
}
