{
    "baseDn":{
        "configuration":"ou=configuration,o=jans",
        "people":"ou=people,o=jans",
        "groups":"ou=groups,o=jans",
        "clients":"ou=clients,o=jans",
        "sessions":"ou=sessions,o=jans",
        "stat":"ou=stat,o=jans",
        "par":"ou=par,o=jans",
        "tokens":"ou=tokens,o=jans",
        "authorizations": "ou=authorizations,o=jans",
        "scopes":"ou=scopes,o=jans",
        "attributes":"ou=attributes,o=jans",
        "scripts": "ou=scripts,o=jans",
        "umaBase":"ou=uma,o=jans",
        "umaPolicy":"ou=policies,ou=uma,o=jans",
        "u2fBase":"ou=u2f,o=jans",
        "metric":"ou=statistic,o=metric",
        "sectorIdentifiers": "ou=sector_identifiers,o=jans",
        "ciba": "ou=ciba,o=jans"
    }
}
