{
  "apiApprovedIssuer": ["${apiApprovedIssuer}"],
  "apiProtectionType": "${apiProtectionType}",
  "apiClientId": "${jca_client_id}",
  "apiClientPassword": "${jca_client_encoded_pw}",
  "endpointInjectionEnabled": ${endpointInjectionEnabled},
  "authIssuerUrl": "${issuer}",
  "authOpenidConfigurationUrl": "${openIdConfigurationEndpoint}",
  "authOpenidIntrospectionUrl": "${introspectionEndpoint}",
  "authOpenidTokenUrl": "${tokenEndpoint}",
  "authOpenidRevokeUrl": "${tokenRevocationEndpoint}",
  "smallryeHealthRootPath": "/health-check",
  "exclusiveAuthScopes": ["jans_stat"],
  "corsConfigurationFilters": [
    {
      "filterName": "CorsFilter",
      "corsAllowedOrigins": "*",
      "corsAllowedMethods": "GET,PUT,POST,DELETE,PATCH,HEAD,OPTIONS",
      "corsAllowedHeaders": "",
      "corsExposedHeaders": "",
      "corsSupportCredentials": true,
      "corsLoggingEnabled": false,
      "corsPreflightMaxAge": 1800,
      "corsRequestDecorate": true,
      "corsEnabled": true
    }
  ]
}


