{
  "attributeTypes": [],
  "objectClasses": [
    {
      "kind": "AUXILIARY",
      "may": [
        "telephoneNumber",
        "mobile",
        "carLicense",
        "facsimileTelephoneNumber",
        "departmentNumber",
        "employeeType",
        "cn",
        "sn",
        "st",
        "uid",
        "givenName",
        "middleName",
        "nickname",
        "manager",
        "street",
        "postOfficeBox",
        "employeeNumber",
        "preferredDeliveryMethod",
        "roomNumber",
        "secretary",
        "userPassword",
        "homePostalAddress",
        "l",
        "postalCode",
        "description",
        "title",
        "jansStatus",
        "memberOf",
        "displayName",
        "mail",
        "emailVerified",
        "jansAdminUIRole"
      ],
      "names": [
        "jansCustomPerson"
      ],
      "oid": "1.3.6.1.4.1.48710.1.4.101",
      "sup": [
        "top"
      ],
      "x_origin": "Jans - Custom persom objectclass",
      "sql": {"ignore": true}
    }
  ],
  "oidMacros": {}
}
