{
  "mappings": {
    "researchAndScholarshipEnabled": "excludeResearchAndScholarshipEnabled",
    "gluuProStoresUser": "excludeGluuProStoresUser",
    "proStoresToken": "excludeProStoresToken",
    "oxTrust": "exclude",
    "oxLink": "exclude",
    "oxProxy": "exclude",
    "associatedClient": "jansAssociatedClient",
    "softwareVersion": "jansSoftVersion",
    "defaultScope": "jansDefScope",
    "preferred": "jansPref",
    "deployedAppliances": "jansDeplAppliances",
    "oxAuth": "jans",
    "VDSenabled": "Enabled",
    "VDSstatus": "Status",
    "Info": "Inf",
    "Gluu": "Jans",
    "gluu": "jans",
    "ox": "jans",
    "scimGroup": "jansScimGroup",
    "Username": "UsrName",
    "User": "Usr",
    "UserDN": "UsrDn",
    "UserId": "UsrId",
    "Attribute": "Attr",
    "Expiration": "Exp",
    "Document": "Doc",
    "Memory": "Mem",
    "Type": "Typ",
    "Usage": "Usg",
    "Invoice": "Invc",
    "Federation": "Fed",
    "Update": "Upd",
    "Request": "Req",
    "Response": "Resp",
    "Token": "Tkn",
    "Include": "Incl",
    "Signing": "Sig",
    "Encrypted": "Enc",
    "Encryption": "Enc",
    "Application": "App",
    "Modified": "Mod",
    "Version": "Ver",
    "oxRefresh": "jansRefresh",
    "Script": "Scr",
    "Capability": "Cap",
    "Dynamic": "Dyn",
    "Stat": "Stat",
    "Configuration": "Conf",
    "Vds": "",
    "Client": "Clnt",
    "Expires": "Exp",
    "Authentication": "Authn",
    "Authorization": "Authz",
    "Session": "Sess",
    "Software": "Soft",
    "Group": "Grp",
    "Object": "Obj",
    "Deletable": "Del",
    "uniqueIdentifier": "Uid",
    "Password": "Pass",
    "Address": "Addr",
    "Lifetime": "Life",
    "Default": "Def"
  },
  "exclude": {
    "objectClass": [
      "xdiStatement",
      "targetRelationalXdiStatement",
      "sourceRelationalXdiStatement",
      "gluuVDSstatus",
      "gluuVDSenabled",
      "gluuVdsCacheRefreshLastUpdate",
      "gluuVdsCacheRefreshLastUpdateCount",
      "gluuVdsCacheRefreshProblemCount",
      "gluuVdsCacheRefreshPollingInterval",
      "gluuVdsCacheRefreshEnabled"      
    ],
    "attributeType": [
      "xdiStatement",
      "sourceRelationalXdiStatement",
      "targetRelationalXdiStatement",
      "gluuVDSstatus",
      "gluuVdsCacheRefreshLastUpdate",
      "gluuVdsCacheRefreshLastUpdateCount",
      "gluuVdsCacheRefreshPollingInterval",
      "gluuVdsCacheRefreshEnabled",
      "gluuVdsCacheRefreshProblemCount",
      "gluuVDSenabled"
    ]
  },
  "postconversions": {
    "jansConf": "jansAppConf"
    }
}
