{
    "baseDN":"o=jans",

    "applicationUrl":"https://%(hostname)s",
    "baseEndpoint":"https://%(hostname)s/jans-scim/restv1",

    "personCustomObjectClass":"jansCustomPerson",

    "oxAuthIssuer":"https://%(hostname)s",
    "umaIssuer":"https://%(hostname)s",

    "scimUmaClientKeyId":"",

    "rptConnectionPoolUseConnectionPooling":true,
    "rptConnectionPoolMaxTotal":200,
    "rptConnectionPoolDefaultMaxPerRoute":20,
    "rptConnectionPoolValidateAfterInactivity":10,
    "rptConnectionPoolCustomKeepAliveTimeout":5,
    "maxCount": 200,

    "useLocalCache":true,

    "disableJdkLogger":true,
    "loggingLevel":"INFO",
    "loggingLayout":"text",
    "externalLoggerConfiguration":"",

    "metricReporterInterval":300,
    "metricReporterKeepDataDays":15,
    "metricReporterEnabled":true
}
