{
  "red 7": {
    "optional": "",
    "mondatory": "httpd httpd-mod_ssl curl wget tar xz unzip rsyslog python3-ldap3 python3-requests python3-ruamel-yaml python3-certifi python3-PyMySQL bzip2"
  },
  "red 8": {
      "optional": "",
      "mondatory": "httpd mod_ssl curl wget tar xz unzip rsyslog python3-ldap3 python3-requests python3-ruamel-yaml python3-certifi python3-PyMySQL bzip2"},
  "debian 10": {
    "optional": "",
    "mondatory": "apache2 curl wget tar xz-utils unzip rsyslog python3-ldap3 python3-requests python3-ruamel.yaml python3-certifi python3-pymysql bzip2"
  },
  "debian 9": {
    "optional": "",
    "mondatory": "apache2 curl wget tar xz-utils unzip rsyslog python3-ldap3 python3-requests python3-ruamel.yaml python3-certifi python3-pymysql bzip2"
  },
  "ubuntu 18": {
    "optional": "",
    "mondatory": "apache2 curl wget xz-utils unzip rsyslog python3-ldap3 net-tools python3-requests python3-ruamel.yaml python3-certifi python3-pymysql bzip2"
  },
  "ubuntu 20": {
      "optional": "",
      "mondatory": "apache2 curl wget xz-utils unzip rsyslog python3-ldap3 net-tools python3-requests python3-ruamel.yaml python3-certifi python3-pymysql bzip2"
  },
  "centos 7": {
    "optional": "",
    "mondatory": "httpd mod_ssl curl wget tar xz unzip python3-ldap3 python3-requests python3-ruamel-yaml rsyslog python3-certifi python3-PyMySQL bzip2"
  },
  "centos 8": {
      "optional": "",
      "mondatory": "httpd mod_ssl curl wget tar xz unzip python3-ldap3 python3-requests python3-ruamel-yaml rsyslog python3-certifi python3-PyMySQL bzip2"}
}
