{
  "1.3.6.1.4.1.1466.115.121.1.11": {
    "mysql": {
      "size": 2,
      "type": "VARCHAR"
    },
    "spanner": {
      "size": 2,
      "type": "STRING"
    }
  },
  "1.3.6.1.4.1.1466.115.121.1.12": {
    "mysql": {
      "size": 128,
      "type": "VARCHAR"
    },
    "spanner": {
      "size": 128,
      "type": "STRING"
    }
  },
  "1.3.6.1.4.1.1466.115.121.1.14": {
    "mysql": {
      "size": 50,
      "type": "VARCHAR"
    },
    "spanner": {
      "size": 50,
      "type": "STRING"
    }
  },
  "1.3.6.1.4.1.1466.115.121.1.15": {
    "mysql": {
      "size": 64,
      "type": "VARCHAR"
    },
    "spanner": {
      "size": 64,
      "type": "STRING"
    }
  },
  "1.3.6.1.4.1.1466.115.121.1.22": {
    "mysql": {
      "size": 20,
      "type": "VARCHAR"
    },
    "spanner": {
      "size": 20,
      "type": "STRING"
    }
  },
  "1.3.6.1.4.1.1466.115.121.1.24": {
    "mysql": {
      "type": "DATETIME(3)"
    },
    "pgsql": {
      "type": "TIMESTAMP"
    },
    "spanner": {
      "type": "TIMESTAMP"
    }
  },
  "1.3.6.1.4.1.1466.115.121.1.26": {
    "mysql": {
      "size": 64,
      "type": "VARCHAR"
    },
    "spanner": {
      "size": 64,
      "type": "STRING"
    }
  },
  "1.3.6.1.4.1.1466.115.121.1.27": {
    "mysql": {
      "type": "INT"
    },
    "spanner": {
      "type": "INT64"
    }
  },
  "1.3.6.1.4.1.1466.115.121.1.40": {
    "mysql": {
      "type": "BINARY"
    },
    "pgsql": {
      "type": "BYTEA"
    },
    "spanner": {
      "type": "BYTES(MAX)"
    }
  },
  "1.3.6.1.4.1.1466.115.121.1.41": {
    "mysql": {
      "size": 128,
      "type": "VARCHAR"
    },
    "spanner": {
      "size": 128,
      "type": "STRING"
    }
  },
  "1.3.6.1.4.1.1466.115.121.1.50": {
    "mysql": {
      "size": 20,
      "type": "VARCHAR"
    },
    "spanner": {
      "size": 20,
      "type": "STRING"
    }
  },
  "1.3.6.1.4.1.1466.115.121.1.7": {
    "mysql": {
      "type": "SMALLINT"
    },
    "spanner": {
      "type": "BOOL"
    }
  },
  "1.3.6.1.4.1.1466.115.121.1.8": {
    "mysql": {
      "type": "BLOB"
    },
    "pgsql": {
      "type": "TEXT"
    },
    "spanner": {
      "type": "STRING(MAX)"
    }
  },
  "JSON": {
    "mysql": {
      "type": "JSON"
    },
    "spanner": {
      "type": "ARRAY<STRING(MAX)>"
    }
  }
}
